Txn Hash,Block,Time (UTC),Transaction Type,Method ID,Method Name,From,To,Token,Token Symbol,Amount,Result,Status
32fd11f31f1ed751dd5fa669555e5f748fd55a530e624b4d859a1424a0a55f20,60532400,2024-04-04 13:49:36,TransferContract,-,-,TFmnKyc5ppug3gT1hyprTrje4HLAy5FXUp,TCgcYUD74LoeMoKRb7X6WcYPVD3VgZccZR,0,TRX,0.000001000000000000,SUCCESS,CONFIRMED
47cb6864f45f51be7229e43fff250b500645a5e99bd27512ee31702d2837435b,60532377,2024-04-04 13:48:27,TransferContract,-,-,TCgcYUD74LoeMoKRb7X6WcYPVD3VgZccZR,TTBFQK759oYTXSscYp5DahGtDN6zLyNXUp,0,TRX,296.923481000000000000,SUCCESS,CONFIRMED
82010ac82828e9b4a6f8c0379ece5ba8d4e356bfb48098e4013aa99206b26f30,60499724,2024-04-03 10:35:18,TriggerSmartContract,a9059cbb,transfer,TCgcYUD74LoeMoKRb7X6WcYPVD3VgZccZR,TR7NHqjeKQxGTCi8q8ZY4pL8otSzgjLj6t,0,TRX,0.000000000000000000,SUCCESS,CONFIRMED
e8587881b12cc7c90da27c6224555cb68ace6ebe09fa4d0910d75e27a7b18e6d,60480244,2024-04-02 18:21:06,TriggerSmartContract,a9059cbb,transfer,TCgcYUD74LoeMoKRb7X6WcYPVD3VgZccZR,TR7NHqjeKQxGTCi8q8ZY4pL8otSzgjLj6t,0,TRX,0.000000000000000000,SUCCESS,CONFIRMED
d377992ffb06c9a735a8bf20f7660aabf2e79fe3607a441c4efb10311fcfe596,60441269,2024-04-01 09:51:45,TriggerSmartContract,a9059cbb,transfer,TCgcYUD74LoeMoKRb7X6WcYPVD3VgZccZR,TR7NHqjeKQxGTCi8q8ZY4pL8otSzgjLj6t,0,TRX,0.000000000000000000,SUCCESS,CONFIRMED
cc927ce760dd39c9bf28e6052662a631fbb545a829b5138e84cf5e7fe65f7947,60371834,2024-03-29 23:58:51,TriggerSmartContract,a9059cbb,transfer,TCgcYUD74LoeMoKRb7X6WcYPVD3VgZccZR,TR7NHqjeKQxGTCi8q8ZY4pL8otSzgjLj6t,0,TRX,0.000000000000000000,SUCCESS,CONFIRMED
11868dcb38b59e74290f51c8e3fe01f84e1156254686c044585f8b2d8fef5e1a,60367165,2024-03-29 20:05:18,TransferContract,-,-,TU4vEruvZwLLkSfV9bNw12EJTPvNr7Pvaa,TCgcYUD74LoeMoKRb7X6WcYPVD3VgZccZR,0,TRX,356.901240000000000000,SUCCESS,CONFIRMED
52d08cc0085d1cfb35dd4370ed5b7727a58189e3b53d1a6678cdcc8d7fc0c4b0,60366037,2024-03-29 19:08:54,TriggerSmartContract,a9059cbb,transfer,TCgcYUD74LoeMoKRb7X6WcYPVD3VgZccZR,TR7NHqjeKQxGTCi8q8ZY4pL8otSzgjLj6t,0,TRX,0.000000000000000000,SUCCESS,CONFIRMED
90726423b00e19f378cc2a6d9051f0440f04ba7aba98e42c457975a42799b443,60366003,2024-03-29 19:07:12,TransferContract,-,-,TNXoiAJ3dct8Fjg4M9fkLFh9S2v9TXc32G,TCgcYUD74LoeMoKRb7X6WcYPVD3VgZccZR,0,TRX,41.000000000000000000,SUCCESS,CONFIRMED
a64732ff703c1d91c907abcdf8f12e375228adf3968392e77ec868c98bd5f9b5,58124411,2024-01-11 21:05:51,TriggerSmartContract,a9059cbb,transfer,TCgcYUD74LoeMoKRb7X6WcYPVD3VgZccZR,TR7NHqjeKQxGTCi8q8ZY4pL8otSzgjLj6t,0,TRX,0.000000000000000000,SUCCESS,CONFIRMED
5b760b68de9dfba34c03eb21808b655d89ecc2ea281756e69c2d6e9dfe8f5820,58124376,2024-01-11 21:04:06,TransferContract,-,-,TYASr5UV6HEcXatwdFQfmLVUqQQQMUxHLS,TCgcYUD74LoeMoKRb7X6WcYPVD3VgZccZR,0,TRX,36.598055000000000000,SUCCESS,CONFIRMED
d8494578f07d74504810cd78bde4b0cdc32dcd7fbd5fba1bc0fef1c8cc2d6a1f,58124206,2024-01-11 20:55:36,TransferAssetContract,-,-,TQtLqzXKW2wu25eDifxmzrjKd6u3Tj5PjN,TCgcYUD74LoeMoKRb7X6WcYPVD3VgZccZR,1004990,s88s.net,888.000000000000000000,SUCCESS,CONFIRMED
c55946fbaa993db2be5cf02dc811225c7c823949eb481402cc881131bf4164d7,57566301,2023-12-23 11:51:33,TriggerSmartContract,a9059cbb,transfer,TCgcYUD74LoeMoKRb7X6WcYPVD3VgZccZR,TR7NHqjeKQxGTCi8q8ZY4pL8otSzgjLj6t,0,TRX,0.000000000000000000,SUCCESS,CONFIRMED
80db9659c21b42452908f53f853c0a6167190e70e8940ae0a0f8ec9c26298169,57566277,2023-12-23 11:50:21,TransferContract,-,-,TLc7qBt7qTtYzoPq8eKQUsuhthivnLBkvy,TCgcYUD74LoeMoKRb7X6WcYPVD3VgZccZR,0,TRX,18.952617000000000000,SUCCESS,CONFIRMED
5c4a20f0b7c7a6e9708cdae16d94c9ae0861c108e8e136a845386181f75a1c1e,57566121,2023-12-23 11:42:33,TransferAssetContract,-,-,TUgLrgZJSSLwmRqY4Lq22PFJxws81ZdMsv,TCgcYUD74LoeMoKRb7X6WcYPVD3VgZccZR,1004990,s88s.net,888.000000000000000000,SUCCESS,CONFIRMED
1a8d8bf51dc8338e900b7a74d30228272a8a65ee8e098a3b0b892ac8e896b137,56765188,2023-11-25 16:03:12,TriggerSmartContract,a9059cbb,transfer,TCgcYUD74LoeMoKRb7X6WcYPVD3VgZccZR,TR7NHqjeKQxGTCi8q8ZY4pL8otSzgjLj6t,0,TRX,0.000000000000000000,SUCCESS,CONFIRMED
33375cf7b1dc8ff4c0922c7023b99fa24a208a1bffde61fa3e2402d55ecff6c3,56765145,2023-11-25 16:01:03,TransferContract,-,-,TAzsQ9Gx8eqFNFSKbeXrbi45CuVPHzA8wr,TCgcYUD74LoeMoKRb7X6WcYPVD3VgZccZR,0,TRX,17.670009000000000000,SUCCESS,CONFIRMED
4633423c9eb00dca7fcdced96a7da56a4b92c8977a17ed1408c47a4156579fc1,53881245,2023-08-17 10:00:33,TriggerSmartContract,a9059cbb,transfer,TCgcYUD74LoeMoKRb7X6WcYPVD3VgZccZR,TR7NHqjeKQxGTCi8q8ZY4pL8otSzgjLj6t,0,TRX,0.000000000000000000,SUCCESS,CONFIRMED
0cfd4bf2d28215ccebeb50f83a47827370f40d6f442c0515a5ae12d81e277a49,53881209,2023-08-17 09:58:45,TransferContract,-,-,TU4vEruvZwLLkSfV9bNw12EJTPvNr7Pvaa,TCgcYUD74LoeMoKRb7X6WcYPVD3VgZccZR,0,TRX,28.600000000000000000,SUCCESS,CONFIRMED
